2af0d1,127.0.0.1,GET,http://localhost:5000/async/dashboardnews,1456872278,1049a4
73de6a,127.0.0.1,GET,http://localhost:5000/async/latestactivity,1456872278,1049a4
1049a4,::1,GET,http://localhost:5000/bolt,1456872278,
888063,127.0.0.1,GET,http://localhost:5000/async/latestactivity,1456872284,522f79
522f79,::1,GET,http://localhost:5000/bolt/users,1456872284,
a512e4,::1,GET,http://localhost:8888/,1456873285,
c7caef,127.0.0.1,GET,http://localhost:8888/async/dashboardnews,1456873291,d07825
ca44af,127.0.0.1,GET,http://localhost:8888/async/latestactivity,1456873291,d07825
d07825,::1,GET,http://localhost:8888/bolt,1456873291,
157d4c,::1,GET,http://localhost:8888/bolt/file/edit/config/taxonomy.yml,1456873300,
ad85cc,127.0.0.1,GET,http://localhost:8888/async/latestactivity,1456873303,0aea0d
0aea0d,::1,GET,http://localhost:8888/bolt/users,1456873303,
424237,::1,GET,http://localhost:8888/bolt/file/edit/config/contenttypes.yml,1456873305,
54230a,::1,GET,http://localhost:8888/bolt/files/theme,1456873500,
d2e84d,::1,GET,http://localhost:8888/bolt/files/theme/pixel-percolation,1456874681,
934400,127.0.0.1,GET,http://localhost:8888/async/latestactivity,1456874693,fd9c22
fd9c22,::1,GET,http://localhost:8888/bolt/users,1456874693,
bb50cc,::1,GET,http://localhost:8888/bolt/file/edit/config/config.yml,1456874695,
fac317,::1,POST,http://localhost:8888/bolt/file/edit/config/config.yml?returnto=ajax,1456874709,
1b90db,::1,GET,http://localhost:8888/,1456874716,
3472ae,::1,GET,http://localhost:8888/styles/main.css,1456874717,
24adb0,::1,GET,http://localhost:8888/bower_components/modernizr/modernizr.js,1456874717,
73eae3,::1,GET,http://localhost:8888/bower_components/jquery/jquery.js,1456874717,
d0d30d,::1,GET,http://localhost:8888/bower_components/fullpage.js/jquery.fullpage.min.js,1456874717,
a77bcd,::1,GET,http://localhost:8888/scripts/main.js,1456874717,
6e5959,::1,POST,http://localhost:8888/bolt/file/edit/config/config.yml?returnto=ajax,1456874989,
5bcfbf,::1,GET,http://localhost:8888/,1456874993,
506762,::1,GET,http://localhost:8888/,1456875016,
1f9c48,::1,GET,http://localhost:8888/styles/b172bd89.main.css,1456875016,
6cc028,::1,GET,http://localhost:8888/scripts/vendor/7d72bbd1.modernizr.js,1456875017,
f197f8,::1,GET,http://localhost:8888/scripts/b6700d66.main.js,1456875017,
30be8b,::1,GET,http://localhost:8888/styles/b172bd89.main.css,1456875023,
d1bd87,::1,GET,http://localhost:8888/styles/b172bd89.main.css,1456875043,
ace213,::1,GET,http://localhost:8888/dist/styles/b172bd89.main.css,1456875052,
687c50,::1,GET,http://localhost:8888/,1456875245,
096a2a,::1,GET,http://localhost:8888/scripts/b6700d66.main.js,1456875245,
897640,::1,GET,http://localhost:8888/images/percolator_icon_256.png,1456875246,
833f3a,::1,GET,http://localhost:8888/images/hero-header.jpg,1456875246,
ea0058,::1,GET,http://localhost:8888/images/hero-office.jpg,1456875246,
bd48e9,::1,GET,http://localhost:8888/,1456875278,
2954d1,::1,GET,http://localhost:8888/images/percolator_icon_256.png,1456875279,
26c903,::1,GET,http://localhost:8888/images/hero-office.jpg,1456875279,
1b3644,::1,GET,http://localhost:8888/images/hero-header.jpg,1456875279,
06674f,::1,GET,http://localhost:8888/,1456877385,
cb3460,::1,GET,http://localhost:8888/images/percolator_icon_256.png,1456877386,
a1387a,::1,GET,http://localhost:8888/images/hero-office.jpg,1456877386,
4b3370,::1,GET,http://localhost:8888/,1456877406,
fc6de1,::1,GET,http://localhost:8888/images/percolator_icon_256.png,1456877407,
35153c,::1,GET,http://localhost:8888/images/hero-office.jpg,1456877407,
76d571,::1,GET,http://localhost:8888/,1456877855,
b4fe99,::1,GET,http://localhost:8888/images/hero-office.jpg,1456877856,
57dfbb,::1,GET,http://localhost:8888/,1456878029,
94df10,::1,GET,http://localhost:8888/images/hero-office.jpg,1456878030,
531027,::1,GET,http://localhost:8888/,1456878034,
7aa722,::1,GET,http://localhost:8888/images/hero-office.jpg,1456878035,
cadc78,::1,GET,http://localhost:8888/,1456878187,
d70508,::1,GET,http://localhost:8888/,1456879059,
57f1ab,::1,GET,http://localhost:8888/,1456904774,
3262ed,::1,GET,http://localhost:8888/theme/pixel-percolation/dist/styles/b172bd89.main.css,1456904775,
2ba04a,::1,GET,http://localhost:8888/theme/pixel-percolation/dist/scripts/b6700d66.main.js,1456904775,
d0b17d,::1,GET,http://localhost:8888/theme/pixel-percolation/dist/scripts/vendor/7d72bbd1.modernizr.js,1456904775,
75f40d,::1,GET,http://localhost:8888/,1456904874,
b8c299,::1,GET,http://localhost:8888/theme/pixel-percolation/dist/styles/b172bd89.main.css,1456904874,
bf0e98,::1,GET,http://localhost:8888/theme/pixel-percolation/dist/scripts/vendor/7d72bbd1.modernizr.js,1456904874,
26f37d,::1,GET,http://localhost:8888/theme/pixel-percolation/dist/scripts/b6700d66.main.js,1456904874,
f34630,::1,GET,http://localhost:8888/,1456905154,
703c9b,::1,GET,http://localhost:8888/theme/pixel-percolation/dist/styles/b172bd89.main.css,1456905154,
12a594,::1,GET,http://localhost:8888/theme/pixel-percolation/dist/scripts/b6700d66.main.js,1456905154,
ef495e,::1,GET,http://localhost:8888/theme/pixel-percolation/dist/scripts/vendor/7d72bbd1.modernizr.js,1456905154,
d72a9b,::1,GET,http://localhost:8888/,1456905156,
959075,::1,GET,http://localhost:8888/theme/pixel-percolation/dist/styles/b172bd89.main.css,1456905157,
b4ad5b,::1,GET,http://localhost:8888/theme/pixel-percolation/dist/scripts/vendor/7d72bbd1.modernizr.js,1456905157,
3b5e81,::1,GET,http://localhost:8888/theme/pixel-percolation/dist/scripts/b6700d66.main.js,1456905157,
2544ce,::1,GET,http://localhost:8888/,1456905344,
3a7583,::1,GET,http://localhost:8888/theme/pixel-percolation/dist/scripts/vendor/7d72bbd1.modernizr.js,1456905344,
5e35ce,::1,GET,http://localhost:8888/theme/pixel-percolation/dist/styles/b172bd89.main.css,1456905344,
0de4a3,::1,GET,http://localhost:8888/theme/pixel-percolation/dist/scripts/b6700d66.main.js,1456905345,
f7d5b3,::1,GET,http://localhost:8888/,1456906020,
75c29e,::1,GET,http://localhost:8888/,1456906084,
9c3ffc,::1,GET,http://localhost:8888/styles/53e68351.main.css,1456906084,
6efe5d,::1,GET,http://localhost:8888/scripts/b6700d66.main.js,1456906084,
5eeb19,::1,GET,http://localhost:8888/scripts/vendor/7d72bbd1.modernizr.js,1456906084,
bca7f2,::1,GET,http://localhost:8888/index.html,1456906102,
89dde3,::1,GET,http://localhost:8888/,1456906230,
4499e0,::1,GET,http://localhost:8888/scripts/b6700d66.main.js,1456906231,
7cc228,::1,GET,http://localhost:8888/styles/53e68351.main.css,1456906231,
f8b31f,::1,GET,http://localhost:8888/scripts/vendor/7d72bbd1.modernizr.js,1456906231,
913a81,::1,GET,http://localhost:8888/,1456906528,
4d57a2,::1,GET,http://localhost:8888/theme/pixel-percolation/dist/styles/b172bd89.main.css,1456906528,
04d0b1,::1,GET,http://localhost:8888/theme/pixel-percolation/dist/scripts/vendor/7d72bbd1.modernizr.js,1456906529,
d5d498,::1,GET,http://localhost:8888/theme/pixel-percolation/dist/scripts/b6700d66.main.js,1456906529,
0c21f9,::1,GET,http://localhost:8888/,1456906598,
77b760,::1,GET,http://localhost:8888/theme/pixel-percolation/dist/styles/b172bd89.main.css,1456906599,
7fe78a,::1,GET,http://localhost:8888/theme/pixel-percolation/dist/scripts/vendor/7d72bbd1.modernizr.js,1456906599,
c886c6,::1,GET,http://localhost:8888/theme/pixel-percolation/dist/scripts/b6700d66.main.js,1456906599,
c61e2b,::1,GET,http://localhost:8888/,1456906610,
a23cdd,::1,GET,http://localhost:8888/theme/pixel-percolation/dist/styles/main.css,1456906611,
c8e2d5,::1,GET,http://localhost:8888/scripts/vendor/d41d8cd9.modernizr.js,1456906611,
c9252c,::1,GET,http://localhost:8888/scripts/d41d8cd9.main.js,1456906611,
19ac4f,127.0.0.1,GET,http://localhost:8888/async/dashboardnews,1456906939,05eee4
31e0b4,127.0.0.1,GET,http://localhost:8888/async/latestactivity,1456906939,05eee4
05eee4,::1,GET,http://localhost:8888/bolt,1456906939,
fa4766,::1,GET,http://localhost:8888/async/latestactivity,1456906969,
209d28,127.0.0.1,GET,http://localhost:8888/async/latestactivity,1456906999,11f220
11f220,::1,GET,http://localhost:8888/bolt/users,1456906999,
514951,::1,GET,http://localhost:8888/bolt/file/edit/config/config.yml,1456907006,
359585,::1,POST,http://localhost:8888/bolt/file/edit/config/config.yml?returnto=ajax,1456907022,
203115,::1,GET,http://localhost:8888/,1456907067,
1ca3ec,::1,GET,http://localhost:8888/,1456907127,
70f10b,::1,GET,http://localhost:8888/theme/pixel-percolation/bower_components/fullpage.js/jquery.fullpage.min.js.map,1456907139,
c18aaf,::1,GET,http://localhost:8888/styles/main.css.map,1456907139,
dadcee,::1,GET,http://localhost:8888/,1456907141,
c8cd35,::1,GET,http://localhost:8888/styles/main.css.map,1456907142,
615122,::1,GET,http://localhost:8888/theme/pixel-percolation/bower_components/fullpage.js/jquery.fullpage.min.js.map,1456907142,
74cffd,::1,GET,http://localhost:8888/,1456907287,
cfbcc4,::1,GET,http://localhost:8888/styles/main.css.map,1456907287,
0fb450,::1,GET,http://localhost:8888/theme/pixel-percolation/bower_components/fullpage.js/jquery.fullpage.min.js.map,1456907288,
3cc0ce,::1,GET,http://localhost:8888/,1456907351,
d2e5da,::1,GET,http://localhost:8888/styles/main.css.map,1456907352,
0d62db,::1,GET,http://localhost:8888/theme/pixel-percolation/bower_components/fullpage.js/jquery.fullpage.min.js.map,1456907352,
a692ea,::1,GET,http://localhost:8888/,1456907671,
70b8c5,::1,GET,http://localhost:8888/styles/main.css.map,1456907672,
7557c8,::1,GET,http://localhost:8888/theme/pixel-percolation/bower_components/fullpage.js/jquery.fullpage.min.js.map,1456907674,
669a51,::1,GET,http://localhost:8888/,1456908078,
1e5122,::1,GET,http://localhost:8888/,1456908281,
d24c2d,::1,GET,http://localhost:8888/,1456908333,
3feb8e,::1,GET,http://localhost:8888/theme/pixel-percolation/bower_components/fullpage.js/jquery.fullpage.min.js.map,1456908338,
e99171,::1,GET,http://localhost:8888/styles/main.css.map,1456908338,
c3f151,::1,GET,http://localhost:8888/,1456908346,
a33e54,::1,GET,http://localhost:8888/styles/main.css.map,1456908346,
9719a8,::1,GET,http://localhost:8888/theme/pixel-percolation/bower_components/fullpage.js/jquery.fullpage.min.js.map,1456908347,
e695f3,::1,GET,http://localhost:8888/,1456908410,
b037a8,::1,GET,http://localhost:8888/styles/main.css.map,1456908411,
091c94,::1,GET,http://localhost:8888/theme/pixel-percolation/bower_components/fullpage.js/jquery.fullpage.min.js.map,1456908411,
0c4f18,::1,GET,http://localhost:8888/,1456908416,
7beee8,::1,GET,http://localhost:8888/,1456908432,
71fa21,::1,GET,http://localhost:8888/theme/pixel-percolation/images/hero-logo.png,1456908433,
feb16f,::1,GET,http://localhost:8888/,1456908460,
7000eb,::1,GET,http://localhost:8888/theme/pixel-percolation/images/hero-icon_256.png,1456908461,
dead5f,::1,GET,http://localhost:8888/,1456908463,
9d24b3,::1,GET,http://localhost:8888/theme/pixel-percolation/images/hero-icon_256.png,1456908464,
2ca36a,::1,GET,http://localhost:8888/theme/pixel-percolation/bower_components/fullpage.js/jquery.fullpage.min.js.map,1456908466,
22d96d,::1,GET,http://localhost:8888/styles/main.css.map,1456908466,
7dd7b9,::1,GET,http://localhost:8888/,1456908521,
fb5ee3,::1,GET,http://localhost:8888/styles/main.css.map,1456908521,
af993b,::1,GET,http://localhost:8888/theme/pixel-percolation/images/hero_icon_256.png,1456908522,
ed3046,::1,GET,http://localhost:8888/theme/pixel-percolation/bower_components/fullpage.js/jquery.fullpage.min.js.map,1456908522,
9328ba,::1,GET,http://localhost:8888//theme/pixel-percolation/images/hero_icon_256.png,1456908538,
09d980,::1,GET,http://localhost:8888/,1456908567,
2398b0,::1,GET,http://localhost:8888/styles/main.css.map,1456908568,
5fbc5f,::1,GET,http://localhost:8888/theme/pixel-percolation/bower_components/fullpage.js/jquery.fullpage.min.js.map,1456908568,
b3ebb0,::1,GET,http://localhost:8888/,1456908694,
ffa6f9,::1,GET,http://localhost:8888/styles/main.css.map,1456908695,
7cf4c0,::1,GET,http://localhost:8888/theme/pixel-percolation/bower_components/fullpage.js/jquery.fullpage.min.js.map,1456908695,
d9e6eb,::1,GET,http://localhost:8888/,1456908991,
7924f7,::1,GET,http://localhost:8888/,1456908991,
22afa3,127.0.0.1,GET,http://localhost:8888/async/dashboardnews,1456909019,aba7b8
74c44a,127.0.0.1,GET,http://localhost:8888/async/latestactivity,1456909019,aba7b8
aba7b8,::1,GET,http://localhost:8888/bolt,1456909019,
81f4bc,127.0.0.1,GET,http://localhost:8888/async/lastmodified/pages,1456909046,285218
285218,::1,GET,http://localhost:8888/bolt/overview/pages,1456909046,
af7e7a,127.0.0.1,GET,http://localhost:8888/async/lastmodified/pages,1456909053,7272c5
3af566,127.0.0.1,GET,http://localhost:8888/async/showstack?items=10,1456909053,7272c5
7272c5,::1,GET,http://localhost:8888/bolt/editcontent/pages,1456909053,
b26b7c,::1,GET,http://localhost:8888/async/makeuri?contenttypeslug=pages&fulluri=false&id=&slugfield=slug&title=,1456909054,
5029f2,::1,GET,http://localhost:8888/async/makeuri?contenttypeslug=pages&fulluri=false&id=&slugfield=slug&title=Hom,1456909056,
b18bc5,::1,GET,http://localhost:8888/async/makeuri?contenttypeslug=pages&fulluri=false&id=&slugfield=slug&title=Home,1456909056,
657dee,::1,POST,http://localhost:8888/bolt/editcontent/pages?returnto=new,1456909060,
4bcc7e,::1,GET,http://localhost:8888/async/makeuri?contenttypeslug=pages&fulluri=false&id=&slugfield=slug&title=Home,1456909060,
8b9102,127.0.0.1,GET,http://localhost:8888/async/lastmodified/pages,1456909061,aa85d5
3a5240,127.0.0.1,GET,http://localhost:8888/async/showstack?items=10,1456909061,aa85d5
aa85d5,::1,GET,http://localhost:8888/bolt/editcontent/pages/1,1456909061,
d47df0,::1,GET,http://localhost:8888/,1456909077,
0a66cd,::1,GET,http://localhost:8888/,1456909077,
87a96b,::1,GET,http://localhost:8888/pages/home,1456909086,
4c55b3,::1,GET,http://localhost:8888/home,1456909090,
98d5cc,::1,GET,http://localhost:8888/,1456909096,
a9b522,::1,GET,http://localhost:8888/,1456909097,
925aa3,::1,POST,http://localhost:8888/preview/page,1456909107,
003e3c,127.0.0.1,GET,http://localhost:8888/async/lastmodified/pages,1456909165,2f257b
2f257b,::1,GET,http://localhost:8888/bolt/overview/pages,1456909165,
635a2c,::1,GET,http://localhost:8888/home,1456909210,
bcd0dc,::1,GET,http://localhost:8888/page/home,1456909237,
ebca5e,127.0.0.1,GET,http://localhost:8888/async/lastmodified/pages,1456909242,6a5726
84b33d,127.0.0.1,GET,http://localhost:8888/async/showstack?items=10,1456909242,6a5726
6a5726,::1,GET,http://localhost:8888/bolt/editcontent/pages/1,1456909242,
1c5f9a,::1,POST,http://localhost:8888/preview/page,1456909252,
2c79bc,::1,POST,http://localhost:8888/bolt/content/delete/pages/1,1456909347,
af207b,127.0.0.1,GET,http://localhost:8888/async/lastmodified/pages,1456909348,2ac295
2ac295,::1,GET,http://localhost:8888/bolt/overview/pages,1456909348,
e6fed3,::1,GET,http://localhost:8888/bolt/file/edit/config/config.yml,1456909394,
d87df5,127.0.0.1,GET,http://localhost:8888/async/dashboardnews,1456909401,992884
9af5ce,127.0.0.1,GET,http://localhost:8888/async/latestactivity,1456909401,992884
992884,::1,GET,http://localhost:8888/bolt,1456909401,
0c6942,::1,GET,http://localhost:8888/bolt/files/theme,1456909415,
7351cc,::1,GET,http://localhost:8888/bolt/files/theme/pixel-percolation,1456909417,
989ebc,::1,GET,http://localhost:8888/bolt/files/theme/pixel-percolation/,1456909423,
7b2abc,::1,GET,http://localhost:8888/bolt/file/edit/config/taxonomy.yml,1456909431,
7a9dba,127.0.0.1,GET,http://localhost:8888/async/dashboardnews,1456909437,f63307
a3e710,127.0.0.1,GET,http://localhost:8888/async/latestactivity,1456909437,f63307
f63307,::1,GET,http://localhost:8888/bolt,1456909437,
695014,127.0.0.1,GET,http://localhost:8888/async/lastmodified/pages,1456909450,a28a29
e3ef18,127.0.0.1,GET,http://localhost:8888/async/showstack?items=10,1456909450,a28a29
a28a29,::1,GET,http://localhost:8888/bolt/editcontent/pages,1456909450,
205eea,::1,GET,http://localhost:8888/async/makeuri?contenttypeslug=pages&fulluri=false&id=&slugfield=slug&title=,1456909451,
4b8f33,::1,GET,http://localhost:8888/async/makeuri?contenttypeslug=pages&fulluri=false&id=&slugfield=slug&title=,1456909455,
b89222,::1,GET,http://localhost:8888/async/makeuri?contenttypeslug=pages&fulluri=false&id=&slugfield=slug&title=%2F,1456909464,
caae19,::1,GET,http://localhost:8888/async/makeuri?contenttypeslug=pages&fulluri=false&id=&slugfield=slug&title=home,1456909475,
d466bc,::1,POST,http://localhost:8888/bolt/editcontent/pages?returnto=new,1456909549,
48c063,127.0.0.1,GET,http://localhost:8888/async/lastmodified/pages,1456909549,2ca7ab
5d08e2,127.0.0.1,GET,http://localhost:8888/async/showstack?items=10,1456909549,2ca7ab
2ca7ab,::1,GET,http://localhost:8888/bolt/editcontent/pages/1,1456909549,
146f2f,::1,POST,http://localhost:8888/bolt/editcontent/pages/1?returnto=ajax,1456909563,
1af5fe,::1,POST,http://localhost:8888/preview/page,1456909568,
d7fa76,127.0.0.1,GET,http://localhost:8888/async/lastmodified/pages,1456909593,910977
e64eda,127.0.0.1,GET,http://localhost:8888/async/showstack?items=10,1456909593,910977
910977,::1,GET,http://localhost:8888/bolt/editcontent/pages/1,1456909593,
4539de,::1,POST,http://localhost:8888/preview/page,1456909596,
d5fe92,::1,GET,http://localhost:8888/page/home,1456909618,
49f6a3,::1,GET,http://localhost:8888/,1456951375,
78b825,::1,GET,http://localhost:8888/,1456951376,
7db466,127.0.0.1,GET,http://localhost:8888/async/dashboardnews,1456951419,2bc279
ddaa13,127.0.0.1,GET,http://localhost:8888/async/latestactivity,1456951419,2bc279
2bc279,::1,GET,http://localhost:8888/bolt,1456951419,
c759f1,::1,GET,http://localhost:8888/async/latestactivity,1456951450,
0a8f74,::1,GET,http://localhost:8888/async/latestactivity,1456951480,
46b801,::1,GET,http://localhost:8888/async/latestactivity,1456951510,
0b7c95,::1,GET,http://localhost:8888/async/latestactivity,1456951540,
3fc330,::1,GET,http://localhost:8888/async/latestactivity,1456951570,
a66eb4,::1,GET,http://localhost:8888/async/latestactivity,1456951600,
8f4c1e,::1,GET,http://localhost:8888/async/latestactivity,1456951630,
1d5219,::1,GET,http://localhost:8888/async/latestactivity,1456952005,
1cf8e6,127.0.0.1,GET,http://localhost:8888/async/lastmodified/pages,1456952011,55f880
fe33fe,127.0.0.1,GET,http://localhost:8888/async/showstack?items=10,1456952011,55f880
55f880,::1,GET,http://localhost:8888/bolt/editcontent/pages/1,1456952011,
75a80a,::1,GET,http://localhost:8888/,1456952024,
c6a602,::1,GET,http://localhost:8888/,1456952025,
256454,::1,GET,http://localhost:8888/,1456952036,
ff4fa8,::1,GET,http://localhost:8888/,1456952037,
c5eca5,127.0.0.1,GET,http://localhost:8888/async/lastmodified/pages,1456952169,17fd9e
0c46c2,127.0.0.1,GET,http://localhost:8888/async/showstack?items=10,1456952169,17fd9e
17fd9e,::1,GET,http://localhost:8888/bolt/editcontent/pages/1,1456952169,
db2c3d,::1,POST,http://localhost:8888/bolt/editcontent/pages/1?returnto=ajax,1456952213,
07398f,::1,POST,http://localhost:8888/bolt/editcontent/pages/1?returnto=ajax,1456952216,
968811,127.0.0.1,GET,http://localhost:8888/async/lastmodified/pages,1456952220,a906c5
62a30d,127.0.0.1,GET,http://localhost:8888/async/showstack?items=10,1456952220,a906c5
a906c5,::1,GET,http://localhost:8888/bolt/editcontent/pages/1,1456952220,
9136d7,127.0.0.1,GET,http://localhost:8888/async/lastmodified/pages,1456952250,e26ab7
e26ab7,::1,GET,http://localhost:8888/bolt/overview/pages,1456952250,
ec9ee7,::1,GET,http://localhost:8888/,1456952255,
506270,::1,GET,http://localhost:8888/,1456952274,
d4ff2e,::1,GET,http://localhost:8888/,1456952451,
e61625,::1,GET,http://localhost:8888/,1456952451,
3a65a9,127.0.0.1,GET,http://localhost:8888/async/lastmodified/pages,1456952491,e8bf17
6577d6,127.0.0.1,GET,http://localhost:8888/async/showstack?items=10,1456952491,e8bf17
e8bf17,::1,GET,http://localhost:8888/bolt/editcontent/pages/1,1456952491,
00acb4,::1,POST,http://localhost:8888/preview/page,1456952502,
2b65e6,::1,GET,http://localhost:8888/,1456952946,
8078bf,::1,GET,http://localhost:8888/,1456952979,
29fc94,::1,POST,http://localhost:8888/bolt/editcontent/pages/1?returnto=ajax,1456952988,
67e699,127.0.0.1,GET,http://localhost:8888/async/lastmodified/pages,1456952991,969f46
744a16,127.0.0.1,GET,http://localhost:8888/async/showstack?items=10,1456952991,969f46
969f46,::1,GET,http://localhost:8888/bolt/editcontent/pages/1,1456952991,
e682c8,127.0.0.1,GET,http://localhost:8888/async/lastmodified/pages,1456953051,6f27b1
c023aa,127.0.0.1,GET,http://localhost:8888/async/showstack?items=10,1456953051,6f27b1
6f27b1,::1,GET,http://localhost:8888/bolt/editcontent/pages/1,1456953051,
44dc5c,::1,POST,http://localhost:8888/bolt/editcontent/pages/1?returnto=ajax,1456953062,
617822,127.0.0.1,GET,http://localhost:8888/async/lastmodified/pages,1456953064,b53aae
bc84f1,127.0.0.1,GET,http://localhost:8888/async/showstack?items=10,1456953064,b53aae
b53aae,::1,GET,http://localhost:8888/bolt/editcontent/pages/1,1456953064,
d7767c,::1,GET,http://localhost:8888/async/browse/files?key=templatefields-hero,1456953071,
72b545,::1,GET,http://localhost:8888/thumbs/54x40c/agriculture-cereals-field-621.jpg,1456953071,
26abfc,::1,GET,http://localhost:8888/thumbs/54x40c/alarm-clock-gold-hands-of-a-clock-1778.jpg,1456953072,
2d12fb,::1,GET,http://localhost:8888/thumbs/54x40c/analog-camera-photography-vintage-1844.jpg,1456953072,
ebb6a7,::1,GET,http://localhost:8888/thumbs/54x40c/apple-desk-iphone-2750.jpg,1456953072,
74ce28,::1,GET,http://localhost:8888/thumbs/54x40c/bell-bills-cash-register-2738.jpg,1456953072,
ef8a7c,::1,GET,http://localhost:8888/thumbs/54x40c/architecture-books-building-2757.jpg,1456953072,
fe4e10,::1,GET,http://localhost:8888/thumbs/54x40c/carrot-cooking-eat-1398.jpg,1456953073,
30712c,::1,GET,http://localhost:8888/thumbs/54x40c/blur-breakfast-coffee-271.jpg,1456953073,
5d9a80,::1,GET,http://localhost:8888/thumbs/54x40c/california-foggy-golden-gate-bridge-2771.jpg,1456953073,
29f240,::1,GET,http://localhost:8888/thumbs/54x40c/building-frame-garage-1599.jpg,1456953073,
bd3faf,::1,GET,http://localhost:8888/thumbs/54x40c/configure-disc-jockey-disco-1504.jpg,1456953073,
ef9be1,::1,GET,http://localhost:8888/thumbs/54x40c/blur-flowers-home-1093.jpg,1456953074,
2eb08e,::1,GET,http://localhost:8888/thumbs/54x40c/food-fruit-orange-1286.jpg,1456953074,
57a884,::1,GET,http://localhost:8888/thumbs/54x40c/garden-gardening-grass-589.jpg,1456953074,
78ee24,::1,GET,http://localhost:8888/thumbs/54x40c/keyboard-old-technology-2318.jpg,1456953074,
0936e5,::1,GET,http://localhost:8888/thumbs/200x150c/agriculture-cereals-field-621.jpg,1456953075,
13e1b3,::1,POST,http://localhost:8888/bolt/editcontent/pages/1?returnto=ajax,1456953078,
5a11e5,::1,GET,http://localhost:8888/,1456953162,
4ada86,127.0.0.1,GET,http://localhost:8888/async/lastmodified/pages,1456953166,7199b9
b3801f,127.0.0.1,GET,http://localhost:8888/async/showstack?items=10,1456953166,7199b9
7199b9,::1,GET,http://localhost:8888/bolt/editcontent/pages/1,1456953166,
4784f0,::1,GET,http://localhost:8888/thumbs/200x150c/agriculture-cereals-field-621.jpg,1456953166,
beb0d9,::1,GET,http://localhost:8888/,1456953179,
fcf60b,::1,GET,http://localhost:8888/agriculture-cereals-field-621.jpg,1456953179,
0bdf59,::1,GET,http://localhost:8888/theme/pixel-percolation/bower_components/fullpage.js/jquery.fullpage.min.js.map,1456953193,
411ff0,::1,GET,http://localhost:8888/styles/main.css.map,1456953193,
bff4bb,127.0.0.1,GET,http://localhost:8888/async/latestactivity,1456953411,c25cdf
c25cdf,::1,GET,http://localhost:8888/bolt/users,1456953411,
4558cf,::1,GET,http://localhost:8888/bolt/dbcheck,1456953414,
f62d33,127.0.0.1,GET,http://localhost:8888/async/lastmodified/pages,1456953421,b47107
b47107,::1,GET,http://localhost:8888/bolt/overview/pages,1456953421,
a4866d,127.0.0.1,GET,http://localhost:8888/async/lastmodified/pages,1456953426,a81da0
d6b32c,127.0.0.1,GET,http://localhost:8888/async/showstack?items=10,1456953426,a81da0
a81da0,::1,GET,http://localhost:8888/bolt/editcontent/pages/1,1456953426,
5f6cb5,::1,GET,http://localhost:8888/thumbs/200x150c/agriculture-cereals-field-621.jpg,1456953426,
5d78fe,127.0.0.1,GET,http://localhost:8888/async/lastmodified/pages,1456953482,c2bbe5
e30d48,127.0.0.1,GET,http://localhost:8888/async/showstack?items=10,1456953482,c2bbe5
c2bbe5,::1,GET,http://localhost:8888/bolt/editcontent/pages/1,1456953482,
7d6953,::1,GET,http://localhost:8888/thumbs/200x150c/agriculture-cereals-field-621.jpg,1456953483,
164074,::1,GET,http://localhost:8888/,1456953489,
011155,::1,GET,http://localhost:8888/styles/main.css.map,1456953514,
97346d,::1,GET,http://localhost:8888/,1456953514,
2d0df2,::1,GET,http://localhost:8888/agriculture-cereals-field-621.jpg,1456953514,
e1dddf,::1,GET,http://localhost:8888/theme/pixel-percolation/bower_components/fullpage.js/jquery.fullpage.min.js.map,1456953514,
850d35,::1,GET,http://localhost:8888/,1456953558,
e475e5,::1,GET,http://localhost:8888/,1456953564,
5554e9,::1,GET,http://localhost:8888/agriculture-cereals-field-621.jpg,1456953565,
6ba3fa,::1,GET,http://localhost:8888/,1456953657,
de6005,::1,GET,http://localhost:8888/,1456953658,
fba1da,::1,GET,http://localhost:8888/agriculture-cereals-field-621.jpg,1456953658,
c7b674,::1,GET,http://localhost:8888/,1456953725,
935b82,::1,GET,http://localhost:8888/,1456953726,
0fefec,::1,GET,http://localhost:8888/agriculture-cereals-field-621.jpg,1456953726,
1e800a,::1,GET,http://localhost:8888/,1456953751,
390bea,::1,GET,http://localhost:8888/agriculture-cereals-field-621.jpg,1456953752,
a02b90,::1,GET,http://localhost:8888/,1456953752,
707da0,::1,GET,http://localhost:8888/,1456953802,
659469,::1,GET,http://localhost:8888/,1456953803,
bfe4a8,::1,GET,http://localhost:8888/agriculture-cereals-field-621.jpg,1456953803,
b94cdb,::1,GET,http://localhost:8888/,1456953827,
746e23,::1,GET,http://localhost:8888/agriculture-cereals-field-621.jpg,1456953832,
4a82b8,::1,GET,http://localhost:8888/,1456953832,
77e690,::1,GET,http://localhost:8888/,1456953850,
f80311,::1,GET,http://localhost:8888/,1456953866,
b6a9a1,::1,GET,http://localhost:8888/agriculture-cereals-field-621.jpg,1456953866,
58d9ee,::1,GET,http://localhost:8888/,1456953910,
1f91b2,::1,GET,http://localhost:8888/,1456953925,
7c1417,::1,GET,http://localhost:8888/agriculture-cereals-field-621.jpg,1456953925,
aaa055,::1,GET,http://localhost:8888/,1456953945,
c7b4c5,::1,GET,http://localhost:8888/,1456953986,
a803ae,::1,GET,http://localhost:8888/agriculture-cereals-field-621.jpg,1456953986,
c8f8f6,::1,GET,http://localhost:8888/,1456953988,
7670f5,::1,GET,http://localhost:8888/,1456953988,
e77618,::1,GET,http://localhost:8888/agriculture-cereals-field-621.jpg,1456953988,
2b328b,::1,GET,http://localhost:8888/,1456954004,
c2666a,::1,GET,http://localhost:8888/agriculture-cereals-field-621.jpg,1456954013,
d091e6,::1,GET,http://localhost:8888/,1456954013,
bb53ea,::1,GET,http://localhost:8888/,1456959879,
6b5ea3,::1,GET,http://localhost:8888/agriculture-cereals-field-621.jpg,1456959896,
2a96b7,::1,GET,http://localhost:8888/,1456959896,
cb3504,::1,GET,http://localhost:8888/,1456959909,
a6c93d,::1,GET,http://localhost:8888/agriculture-cereals-field-621.jpg,1456959928,
a21df8,::1,GET,http://localhost:8888/,1456959928,
49fa02,::1,GET,http://localhost:8888/,1456959981,
b158c5,::1,GET,http://localhost:8888/,1456960025,
d55b83,::1,GET,http://localhost:8888/agriculture-cereals-field-621.jpg,1456960025,
043cb8,::1,GET,http://localhost:8888/,1456960035,
17b6c1,::1,GET,http://localhost:8888/agriculture-cereals-field-621.jpg,1456960068,
5155c9,::1,GET,http://localhost:8888/,1456960068,
32853e,::1,GET,http://localhost:8888/,1456960079,
8491fb,::1,GET,http://localhost:8888/,1456960080,
a98fe2,::1,GET,http://localhost:8888/agriculture-cereals-field-621.jpg,1456960080,
ab1371,::1,GET,http://localhost:8888/,1456960086,
e176c2,::1,GET,http://localhost:8888/,1456960087,
b8863a,::1,GET,http://localhost:8888/agriculture-cereals-field-621.jpg,1456960087,
0336d3,::1,GET,http://localhost:8888/,1456960119,
b70a01,::1,GET,http://localhost:8888/agriculture-cereals-field-621.jpg,1456960145,
0881dd,::1,GET,http://localhost:8888/,1456960146,
0a19a0,::1,GET,http://localhost:8888/,1456960159,
5013eb,::1,GET,http://localhost:8888/,1456960160,
58aa2b,::1,GET,http://localhost:8888/agriculture-cereals-field-621.jpg,1456960160,
5a4905,::1,GET,http://localhost:8888/,1456960194,
cb0dd8,::1,GET,http://localhost:8888/agriculture-cereals-field-621.jpg,1456960199,
cea34e,::1,GET,http://localhost:8888/theme/pixel-percolation/bower_components/fullpage.js/jquery.fullpage.min.js.map,1456960209,
f801e1,::1,GET,http://localhost:8888/styles/main.css.map,1456960209,
d7e9bc,::1,GET,http://localhost:8888/async/browse/files?key=templatefields-hero,1456960320,
b8cd1a,::1,GET,http://localhost:8888/thumbs/54x40c/apple-desk-iphone-2750.jpg,1456960320,
2725d7,::1,GET,http://localhost:8888/thumbs/54x40c/alarm-clock-gold-hands-of-a-clock-1778.jpg,1456960320,
b28be7,::1,GET,http://localhost:8888/thumbs/54x40c/architecture-books-building-2757.jpg,1456960321,
f9076a,::1,GET,http://localhost:8888/thumbs/54x40c/bell-bills-cash-register-2738.jpg,1456960321,
877913,::1,GET,http://localhost:8888/thumbs/54x40c/analog-camera-photography-vintage-1844.jpg,1456960321,
11f7c0,::1,GET,http://localhost:8888/thumbs/54x40c/agriculture-cereals-field-621.jpg,1456960321,
d775c5,::1,GET,http://localhost:8888/thumbs/54x40c/blur-flowers-home-1093.jpg,1456960321,
28ef6b,::1,GET,http://localhost:8888/thumbs/54x40c/california-foggy-golden-gate-bridge-2771.jpg,1456960321,
6f45f6,::1,GET,http://localhost:8888/thumbs/54x40c/carrot-cooking-eat-1398.jpg,1456960322,
945b0d,::1,GET,http://localhost:8888/thumbs/54x40c/blur-breakfast-coffee-271.jpg,1456960322,
082a6e,::1,GET,http://localhost:8888/thumbs/54x40c/building-frame-garage-1599.jpg,1456960322,
708e5a,::1,GET,http://localhost:8888/thumbs/54x40c/configure-disc-jockey-disco-1504.jpg,1456960322,
59a65a,::1,GET,http://localhost:8888/thumbs/54x40c/food-fruit-orange-1286.jpg,1456960322,
65d60a,::1,GET,http://localhost:8888/thumbs/54x40c/garden-gardening-grass-589.jpg,1456960322,
01a936,::1,GET,http://localhost:8888/thumbs/54x40c/keyboard-old-technology-2318.jpg,1456960323,
40b713,::1,GET,http://localhost:8888/bolt/file/edit/config/config.yml,1456960364,
3397c8,::1,GET,http://localhost:8888/bolt/files,1456960428,
d16243,::1,GET,http://localhost:8888/thumbs/54x40c/analog-camera-photography-vintage-1844.jpg,1456960429,
538d33,::1,GET,http://localhost:8888/thumbs/54x40c/architecture-books-building-2757.jpg,1456960429,
111838,::1,GET,http://localhost:8888/thumbs/54x40c/agriculture-cereals-field-621.jpg,1456960429,
1490d5,::1,GET,http://localhost:8888/thumbs/54x40c/apple-desk-iphone-2750.jpg,1456960429,
170cca,::1,GET,http://localhost:8888/thumbs/54x40c/alarm-clock-gold-hands-of-a-clock-1778.jpg,1456960429,
ee2d03,::1,GET,http://localhost:8888/thumbs/54x40c/bell-bills-cash-register-2738.jpg,1456960430,
7c658c,::1,GET,http://localhost:8888/thumbs/54x40c/blur-flowers-home-1093.jpg,1456960430,
4cc459,::1,GET,http://localhost:8888/thumbs/54x40c/blur-breakfast-coffee-271.jpg,1456960430,
2984b7,::1,GET,http://localhost:8888/thumbs/54x40c/building-frame-garage-1599.jpg,1456960430,
b958e9,::1,GET,http://localhost:8888/thumbs/54x40c/california-foggy-golden-gate-bridge-2771.jpg,1456960431,
faafaa,::1,GET,http://localhost:8888/thumbs/54x40c/carrot-cooking-eat-1398.jpg,1456960431,
462845,::1,GET,http://localhost:8888/thumbs/54x40c/configure-disc-jockey-disco-1504.jpg,1456960431,
4361de,::1,GET,http://localhost:8888/thumbs/54x40c/food-fruit-orange-1286.jpg,1456960431,
864eba,::1,GET,http://localhost:8888/thumbs/54x40c/garden-gardening-grass-589.jpg,1456960432,
2c3474,::1,GET,http://localhost:8888/thumbs/54x40c/keyboard-old-technology-2318.jpg,1456960432,
9284ee,::1,GET,http://localhost:8888/thumbs/1000x1000r/agriculture-cereals-field-621.jpg,1456960446,
6490a9,::1,GET,http://localhost:8888/thumbs/1000x1000r/analog-camera-photography-vintage-1844.jpg,1456960447,
b2a166,::1,GET,http://localhost:8888/thumbs/1000x1000r/alarm-clock-gold-hands-of-a-clock-1778.jpg,1456960447,
f31617,::1,GET,http://localhost:8888/agriculture-cereals-field-621.jpg,1456960515,
36c422,::1,GET,http://localhost:8888/styles/main.css.map,1456960521,
3c60d9,::1,GET,http://localhost:8888/theme/pixel-percolation/bower_components/fullpage.js/jquery.fullpage.min.js.map,1456960523,
58b951,::1,GET,http://localhost:8888/,1456960591,
119aa6,::1,GET,http://localhost:8888/styles/main.css.map,1456960592,
fd1e34,::1,GET,http://localhost:8888/agriculture-cereals-field-621.jpg,1456960592,
3a853a,::1,GET,http://localhost:8888/theme/pixel-percolation/bower_components/fullpage.js/jquery.fullpage.min.js.map,1456960593,
1ccc3b,::1,GET,http://localhost:8888/,1456960664,
97fc2d,::1,GET,http://localhost:8888/styles/main.css.map,1456960664,
f0dc66,::1,GET,http://localhost:8888/agriculture-cereals-field-621.jpg,1456960664,
db4249,::1,GET,http://localhost:8888/theme/pixel-percolation/bower_components/fullpage.js/jquery.fullpage.min.js.map,1456960665,
8e7d2d,::1,GET,http://localhost:8888/,1456960693,
0560f8,::1,GET,http://localhost:8888/styles/main.css.map,1456960695,
3d66d3,::1,GET,http://localhost:8888/Users/johnbradshaw/Documents/Source/pixelpercolation/files/agriculture-cereals-field-621.jpg,1456960696,
9cabee,::1,GET,http://localhost:8888/theme/pixel-percolation/bower_components/fullpage.js/jquery.fullpage.min.js.map,1456960696,
7d525e,::1,GET,http://localhost:8888/,1456960744,
14ec25,::1,GET,http://localhost:8888/styles/main.css.map,1456960744,
0f177f,::1,GET,http://localhost:8888/theme/pixel-percolation/bower_components/fullpage.js/jquery.fullpage.min.js.map,1456960745,
53d698,::1,GET,http://localhost:8888/,1456960819,
85a5c7,::1,GET,http://localhost:8888/styles/main.css.map,1456960863,
ddd0d3,::1,GET,http://localhost:8888/theme/pixel-percolation/bower_components/fullpage.js/jquery.fullpage.min.js.map,1456960863,
abe11f,::1,GET,http://localhost:8888/,1456960902,
c513bb,::1,GET,http://localhost:8888/styles/main.css.map,1456960902,
b8dccd,::1,GET,http://localhost:8888/theme/pixel-percolation/bower_components/fullpage.js/jquery.fullpage.min.js.map,1456960903,
4c71d2,::1,GET,http://localhost:8888/,1456960905,
322b61,::1,GET,http://localhost:8888/styles/main.css.map,1456960905,
0840a7,::1,GET,http://localhost:8888/theme/pixel-percolation/bower_components/fullpage.js/jquery.fullpage.min.js.map,1456960906,
32b7fd,127.0.0.1,GET,http://localhost:8888/async/lastmodified/pages,1456960913,a5216c
a5216c,::1,GET,http://localhost:8888/bolt/overview/pages,1456960913,
385a76,127.0.0.1,GET,http://localhost:8888/async/lastmodified/pages,1456960915,d25100
eda9ee,127.0.0.1,GET,http://localhost:8888/async/showstack?items=10,1456960915,d25100
d25100,::1,GET,http://localhost:8888/bolt/editcontent/pages/1,1456960915,
9d5cab,::1,GET,http://localhost:8888/thumbs/200x150c/agriculture-cereals-field-621.jpg,1456960916,
5c2145,::1,GET,http://localhost:8888/async/browse/files?key=templatefields-logo,1456960923,
372e10,::1,GET,http://localhost:8888/thumbs/54x40c/agriculture-cereals-field-621.jpg,1456960923,
fcc31a,::1,GET,http://localhost:8888/thumbs/54x40c/alarm-clock-gold-hands-of-a-clock-1778.jpg,1456960923,
0357d1,::1,GET,http://localhost:8888/thumbs/54x40c/analog-camera-photography-vintage-1844.jpg,1456960924,
3317cc,::1,GET,http://localhost:8888/thumbs/54x40c/apple-desk-iphone-2750.jpg,1456960924,
1808cb,::1,GET,http://localhost:8888/thumbs/54x40c/architecture-books-building-2757.jpg,1456960924,
9ca983,::1,GET,http://localhost:8888/thumbs/54x40c/bell-bills-cash-register-2738.jpg,1456960924,
4c0c95,::1,GET,http://localhost:8888/thumbs/54x40c/configure-disc-jockey-disco-1504.jpg,1456960924,
f66940,::1,GET,http://localhost:8888/thumbs/54x40c/california-foggy-golden-gate-bridge-2771.jpg,1456960924,
c534d5,::1,GET,http://localhost:8888/thumbs/54x40c/blur-breakfast-coffee-271.jpg,1456960925,
2d2f21,::1,GET,http://localhost:8888/thumbs/54x40c/building-frame-garage-1599.jpg,1456960925,
6939f1,::1,GET,http://localhost:8888/thumbs/54x40c/blur-flowers-home-1093.jpg,1456960925,
7005fa,::1,GET,http://localhost:8888/thumbs/54x40c/carrot-cooking-eat-1398.jpg,1456960925,
180ea8,::1,GET,http://localhost:8888/thumbs/54x40c/food-fruit-orange-1286.jpg,1456960925,
e13bb1,::1,GET,http://localhost:8888/thumbs/54x40c/garden-gardening-grass-589.jpg,1456960925,
7a5814,::1,GET,http://localhost:8888/thumbs/54x40c/keyboard-old-technology-2318.jpg,1456960926,
b7a068,::1,GET,http://localhost:8888/thumbs/200x150c/california-foggy-golden-gate-bridge-2771.jpg,1456960929,
f66f81,::1,GET,http://localhost:8888/async/browse/files?key=templatefields-hero2,1456960937,
14ab70,::1,GET,http://localhost:8888/thumbs/200x150c/food-fruit-orange-1286.jpg,1456960941,
1fe4a0,::1,POST,http://localhost:8888/bolt/editcontent/pages/1?returnto=ajax,1456960945,
b17723,::1,GET,http://localhost:8888/,1456960949,
921a31,::1,GET,http://localhost:8888/,1456960980,
0fbc35,127.0.0.1,GET,http://localhost:8888/async/lastmodified/pages,1456961041,fcad2d
47f989,127.0.0.1,GET,http://localhost:8888/async/showstack?items=10,1456961041,fcad2d
fcad2d,::1,GET,http://localhost:8888/bolt/editcontent/pages/1,1456961041,
966519,::1,GET,http://localhost:8888/thumbs/200x150c/california-foggy-golden-gate-bridge-2771.jpg,1456961041,
9dbc5d,::1,GET,http://localhost:8888/thumbs/200x150c/food-fruit-orange-1286.jpg,1456961042,
d9f43a,::1,GET,http://localhost:8888/thumbs/200x150c/agriculture-cereals-field-621.jpg,1456961042,
8c0881,::1,GET,http://localhost:8888/bolt/dbcheck,1456961057,
614d10,127.0.0.1,GET,http://localhost:8888/async/lastmodified/pages,1456961065,6df131
385b90,127.0.0.1,GET,http://localhost:8888/async/showstack?items=10,1456961065,6df131
6df131,::1,GET,http://localhost:8888/bolt/editcontent/pages/1,1456961065,
0bcd2d,::1,GET,http://localhost:8888/thumbs/200x150c/california-foggy-golden-gate-bridge-2771.jpg,1456961065,
7be370,::1,GET,http://localhost:8888/thumbs/200x150c/food-fruit-orange-1286.jpg,1456961065,
b755cc,::1,GET,http://localhost:8888/thumbs/200x150c/agriculture-cereals-field-621.jpg,1456961065,
d7020e,::1,GET,http://localhost:8888/async/browse/files?key=templatefields-logo,1456961069,
b0069b,::1,GET,http://localhost:8888/thumbs/54x40c/analog-camera-photography-vintage-1844.jpg,1456961070,
4aae41,::1,GET,http://localhost:8888/thumbs/54x40c/agriculture-cereals-field-621.jpg,1456961070,
588a42,::1,GET,http://localhost:8888/thumbs/54x40c/alarm-clock-gold-hands-of-a-clock-1778.jpg,1456961070,
e5060a,::1,GET,http://localhost:8888/thumbs/54x40c/apple-desk-iphone-2750.jpg,1456961070,
65bca0,::1,GET,http://localhost:8888/thumbs/54x40c/bell-bills-cash-register-2738.jpg,1456961070,
e6644e,::1,GET,http://localhost:8888/thumbs/54x40c/architecture-books-building-2757.jpg,1456961071,
b5b51a,::1,GET,http://localhost:8888/thumbs/54x40c/california-foggy-golden-gate-bridge-2771.jpg,1456961071,
bf2e54,::1,GET,http://localhost:8888/thumbs/54x40c/configure-disc-jockey-disco-1504.jpg,1456961071,
d5b7ee,::1,GET,http://localhost:8888/thumbs/54x40c/carrot-cooking-eat-1398.jpg,1456961071,
8a7f62,::1,GET,http://localhost:8888/thumbs/54x40c/blur-flowers-home-1093.jpg,1456961071,
b8d3d5,::1,GET,http://localhost:8888/thumbs/54x40c/blur-breakfast-coffee-271.jpg,1456961071,
eb21a4,::1,GET,http://localhost:8888/thumbs/54x40c/building-frame-garage-1599.jpg,1456961072,
4979bf,::1,GET,http://localhost:8888/thumbs/54x40c/food-fruit-orange-1286.jpg,1456961072,
49c561,::1,GET,http://localhost:8888/thumbs/54x40c/keyboard-old-technology-2318.jpg,1456961072,
c24151,::1,GET,http://localhost:8888/thumbs/54x40c/garden-gardening-grass-589.jpg,1456961072,
e7e302,::1,POST,http://localhost:8888/upload?handler=,1456961103,
e043bc,::1,GET,http://localhost:8888/async/addstack/2016-03/percolator-icon-icon.png,1456961103,
962227,::1,GET,http://localhost:8888/thumbs/200x150c/2016-03/percolator-icon-icon.png,1456961103,
267427,::1,GET,http://localhost:8888/thumbs/100x100c/2016-03/percolator-icon-icon.png,1456961103,
6d9d4f,::1,GET,http://localhost:8888/async/browse/files?key=templatefields-hero2,1456961111,
46d2f8,::1,POST,http://localhost:8888/upload?handler=,1456961133,
e00270,::1,GET,http://localhost:8888/async/addstack/2016-03/home-office-336378-1920.jpg,1456961133,
9ea1fb,::1,GET,http://localhost:8888/thumbs/200x150c/2016-03/home-office-336378-1920.jpg,1456961134,
44d981,::1,GET,http://localhost:8888/thumbs/100x100c/2016-03/home-office-336378-1920.jpg,1456961134,
b69e97,::1,GET,http://localhost:8888/async/browse/files?key=templatefields-hero,1456961140,
b5a55f,::1,POST,http://localhost:8888/upload?handler=,1456961167,
b54873,::1,GET,http://localhost:8888/thumbs/200x150c/2016-03/home-office-336373-1920.jpg,1456961168,
e018bb,::1,GET,http://localhost:8888/async/addstack/2016-03/home-office-336373-1920.jpg,1456961168,
ec7341,::1,GET,http://localhost:8888/thumbs/100x100c/2016-03/home-office-336373-1920.jpg,1456961168,
837189,::1,POST,http://localhost:8888/bolt/editcontent/pages/1?returnto=ajax,1456961171,
4bef33,::1,POST,http://localhost:8888/bolt/editcontent/pages/1?returnto=ajax,1456961174,
df182f,::1,GET,http://localhost:8888/,1456961178,
abb178,::1,GET,http://localhost:8888/,1456961562,
124f55,127.0.0.1,GET,http://localhost:8888/async/lastmodified/pages,1456961573,e17387
029ffe,127.0.0.1,GET,http://localhost:8888/async/showstack?items=10,1456961573,e17387
e17387,::1,GET,http://localhost:8888/bolt/editcontent/pages/1,1456961573,
4a100f,::1,GET,http://localhost:8888/thumbs/100x100c/2016-03/home-office-336373-1920.jpg,1456961574,
108b8a,::1,GET,http://localhost:8888/thumbs/200x150c/2016-03/percolator-icon-icon.png,1456961574,
a3a067,::1,GET,http://localhost:8888/thumbs/200x150c/2016-03/home-office-336378-1920.jpg,1456961574,
cfcce4,::1,GET,http://localhost:8888/thumbs/100x100c/2016-03/percolator-icon-icon.png,1456961574,
48ec8a,::1,GET,http://localhost:8888/thumbs/200x150c/2016-03/home-office-336373-1920.jpg,1456961574,
73f333,::1,GET,http://localhost:8888/thumbs/100x100c/2016-03/home-office-336378-1920.jpg,1456961575,
a50939,127.0.0.1,GET,http://localhost:8888/async/lastmodified/pages,1456961602,1bcbe2
f4e2f7,127.0.0.1,GET,http://localhost:8888/async/showstack?items=10,1456961602,1bcbe2
1bcbe2,::1,GET,http://localhost:8888/bolt/editcontent/pages/1,1456961602,
8d0055,::1,GET,http://localhost:8888/thumbs/200x150c/2016-03/home-office-336373-1920.jpg,1456961603,
1cc14d,::1,GET,http://localhost:8888/thumbs/100x100c/2016-03/home-office-336378-1920.jpg,1456961603,
8b23a8,::1,GET,http://localhost:8888/thumbs/200x150c/2016-03/home-office-336378-1920.jpg,1456961603,
388170,::1,GET,http://localhost:8888/thumbs/200x150c/2016-03/percolator-icon-icon.png,1456961603,
e0ef10,::1,GET,http://localhost:8888/thumbs/100x100c/2016-03/percolator-icon-icon.png,1456961603,
295682,::1,GET,http://localhost:8888/thumbs/100x100c/2016-03/home-office-336373-1920.jpg,1456961604,
1aaefc,::1,POST,http://localhost:8888/bolt/editcontent/pages/1?returnto=ajax,1456961619,
cb675d,::1,POST,http://localhost:8888/preview/page,1456961629,
bc29a4,::1,GET,http://localhost:8888/,1456961692,
4cf28d,127.0.0.1,GET,http://localhost:8888/async/lastmodified/pages,1456961704,4031f2
62084e,127.0.0.1,GET,http://localhost:8888/async/showstack?items=10,1456961704,4031f2
4031f2,::1,GET,http://localhost:8888/bolt/editcontent/pages/1,1456961704,
bb7cbe,::1,GET,http://localhost:8888/thumbs/100x100c/2016-03/percolator-icon-icon.png,1456961705,
003580,::1,GET,http://localhost:8888/thumbs/200x150c/2016-03/percolator-icon-icon.png,1456961705,
1e26bc,::1,GET,http://localhost:8888/thumbs/200x150c/2016-03/home-office-336378-1920.jpg,1456961705,
db8c6b,::1,GET,http://localhost:8888/thumbs/200x150c/2016-03/home-office-336373-1920.jpg,1456961706,
b8e262,::1,GET,http://localhost:8888/thumbs/100x100c/2016-03/home-office-336378-1920.jpg,1456961706,
598633,::1,GET,http://localhost:8888/thumbs/100x100c/2016-03/home-office-336373-1920.jpg,1456961706,
816d6b,::1,POST,http://localhost:8888/bolt/editcontent/pages/1?returnto=ajax,1456961714,
26617a,::1,POST,http://localhost:8888/bolt/editcontent/pages/1?returnto=ajax,1456961718,
70ac87,::1,GET,http://localhost:8888/,1456961724,
cc1992,::1,GET,http://localhost:8888/,1456961727,
a937b9,::1,POST,http://localhost:8888/bolt/editcontent/pages/1?returnto=ajax,1456961735,
9323a2,::1,GET,http://localhost:8888/,1456961739,
3c0cb9,::1,GET,http://localhost:8888/,1456961833,
e7324b,::1,GET,http://localhost:8888/theme/pixel-percolation/bower_components/fullpage.js/jquery.fullpage.min.js.map,1456961864,
605c31,::1,GET,http://localhost:8888/styles/main.css.map,1456961864,
6d640b,::1,GET,http://localhost:8888/,1456961921,
18bd92,::1,GET,http://localhost:8888/styles/main.css.map,1456961922,
d9c2e8,::1,GET,http://localhost:8888/theme/pixel-percolation/bower_components/fullpage.js/jquery.fullpage.min.js.map,1456961922,
9dedb3,::1,GET,http://localhost:8888/,1456961935,
a442bd,127.0.0.1,GET,http://localhost:8888/async/lastmodified/pages,1456961941,8bdc74
f53001,127.0.0.1,GET,http://localhost:8888/async/showstack?items=10,1456961941,8bdc74
8bdc74,::1,GET,http://localhost:8888/bolt/editcontent/pages/1,1456961941,
d63101,::1,GET,http://localhost:8888/thumbs/200x150c/2016-03/percolator-icon-icon.png,1456961942,
cdc478,::1,GET,http://localhost:8888/thumbs/100x100c/2016-03/home-office-336373-1920.jpg,1456961942,
2f1564,::1,GET,http://localhost:8888/thumbs/200x150c/2016-03/home-office-336378-1920.jpg,1456961942,
54db2a,::1,GET,http://localhost:8888/thumbs/200x150c/2016-03/home-office-336373-1920.jpg,1456961942,
675802,::1,GET,http://localhost:8888/thumbs/100x100c/2016-03/percolator-icon-icon.png,1456961942,
d2119b,::1,GET,http://localhost:8888/thumbs/100x100c/2016-03/home-office-336378-1920.jpg,1456961943,
0bcb86,127.0.0.1,GET,http://localhost:8888/async/lastmodified/pages,1456962078,442350
00164a,127.0.0.1,GET,http://localhost:8888/async/showstack?items=10,1456962078,442350
442350,::1,GET,http://localhost:8888/bolt/editcontent/pages/1,1456962078,
fef1d3,::1,GET,http://localhost:8888/thumbs/200x150c/2016-03/home-office-336373-1920.jpg,1456962078,
5cce71,::1,GET,http://localhost:8888/thumbs/200x150c/2016-03/home-office-336378-1920.jpg,1456962078,
ce685d,::1,GET,http://localhost:8888/thumbs/100x100c/2016-03/home-office-336373-1920.jpg,1456962078,
bb6d00,::1,GET,http://localhost:8888/thumbs/200x150c/2016-03/percolator-icon-icon.png,1456962079,
24aaa9,::1,GET,http://localhost:8888/thumbs/100x100c/2016-03/home-office-336378-1920.jpg,1456962079,
ce740b,::1,GET,http://localhost:8888/thumbs/100x100c/2016-03/percolator-icon-icon.png,1456962079,
9fa350,::1,POST,http://localhost:8888/bolt/editcontent/pages/1?returnto=ajax,1456962114,
8702d9,::1,POST,http://localhost:8888/bolt/editcontent/pages/1?returnto=ajax,1456962117,
e913e5,::1,GET,http://localhost:8888/,1456962120,
